population,score
honest,0.744140625
honest,0.7265625
honest,0.73046875
honest,0.736328125
honest,0.748046875
honest,0.724609375
honest,0.72265625
honest,0.716796875
honest,0.75
honest,0.744140625
honest,0.73828125
honest,0.732421875
honest,0.734375
honest,0.71484375
honest,0.744140625
honest,0.73046875
honest,0.74609375
honest,0.720703125
honest,0.71875
honest,0.712890625
honest,0.75
honest,0.7365384615384616
honest,0.7480769230769231
honest,0.7384615384615385
honest,0.7442307692307691
honest,0.7423076923076923
honest,0.7346153846153847
honest,0.7307692307692308
honest,0.7326923076923078
honest,0.721153846153846
honest,0.7461538461538462
honest,0.7269230769230769
honest,0.7173076923076923
honest,0.7153846153846154
honest,0.7288461538461538
honest,0.7423076923076923
honest,0.725
honest,0.7211538461538461
honest,0.7134615384615385
honest,0.7230769230769231
honest,0.717741935483871
honest,0.7137096774193549
honest,0.7338709677419355
honest,0.7116935483870968
honest,0.7157258064516129
honest,0.7318548387096774
honest,0.75
honest,0.747983870967742
honest,0.7459677419354839
honest,0.7278225806451613
honest,0.7379032258064516
honest,0.7237903225806451
honest,0.7358870967741935
honest,0.7459677419354838
honest,0.7258064516129032
honest,0.7419354838709677
honest,0.7399193548387097
honest,0.7217741935483871
honest,0.7298387096774194
honest,0.719758064516129
honest,0.72265625
honest,0.734375
honest,0.716796875
honest,0.7421875
honest,0.73046875
honest,0.74609375
honest,0.716796875
honest,0.712890625
honest,0.71875
honest,0.724609375
honest,0.728515625
honest,0.748046875
honest,0.736328125
honest,0.7265625
honest,0.720703125
honest,0.73828125
honest,0.732421875
honest,0.740234375
honest,0.75
honest,0.744140625
honest,0.7462121212121212
honest,0.7386363636363636
honest,0.7443181818181819
honest,0.7178030303030303
honest,0.7140151515151515
honest,0.7443181818181819
honest,0.7272727272727273
honest,0.7329545454545454
honest,0.7310606060606061
honest,0.75
honest,0.7291666666666666
honest,0.740530303030303
honest,0.7481060606060606
honest,0.7159090909090909
honest,0.7253787878787878
honest,0.7348484848484849
honest,0.7196969696969697
honest,0.7367424242424243
honest,0.7234848484848485
honest,0.7215909090909091
honest,0.7407407407407407
honest,0.7240740740740741
honest,0.7148148148148148
honest,0.7185185185185186
honest,0.7314814814814815
honest,0.7481481481481481
honest,0.7277777777777777
honest,0.75
honest,0.7462962962962962
honest,0.7259259259259259
honest,0.7166666666666667
honest,0.7296296296296296
honest,0.7222222222222222
honest,0.7388888888888888
honest,0.737037037037037
honest,0.7444444444444445
honest,0.7333333333333334
honest,0.7351851851851852
honest,0.7203703703703703
honest,0.7425925925925926
honest,0.75
honest,0.7272727272727272
honest,0.7255244755244755
honest,0.7430069930069929
honest,0.7395104895104895
honest,0.729020979020979
honest,0.7220279720279721
honest,0.736013986013986
honest,0.7185314685314685
honest,0.7412587412587412
honest,0.7167832167832168
honest,0.7220279720279721
honest,0.7342657342657343
honest,0.7465034965034965
honest,0.7482517482517482
honest,0.7325174825174825
honest,0.7377622377622377
honest,0.7307692307692308
honest,0.7237762237762237
honest,0.7447552447552448
honest,0.7384615384615385
honest,0.7326923076923078
honest,0.7153846153846154
honest,0.7307692307692307
honest,0.7211538461538461
honest,0.7480769230769231
honest,0.75
honest,0.7134615384615385
honest,0.725
honest,0.7423076923076923
honest,0.7461538461538462
honest,0.7173076923076923
honest,0.7192307692307691
honest,0.7230769230769231
honest,0.7365384615384616
honest,0.7442307692307693
honest,0.7403846153846154
honest,0.7307692307692308
honest,0.7269230769230769
honest,0.7346153846153847
honest,0.7443181818181819
honest,0.7462121212121212
honest,0.7159090909090909
honest,0.7140151515151515
honest,0.7310606060606061
honest,0.7329545454545454
honest,0.7196969696969696
honest,0.7386363636363635
honest,0.7178030303030303
honest,0.7367424242424243
honest,0.740530303030303
honest,0.7234848484848485
honest,0.7424242424242424
honest,0.7272727272727273
honest,0.7253787878787878
honest,0.75
honest,0.7234848484848485
honest,0.7291666666666666
honest,0.7348484848484849
honest,0.75
honest,0.737410071942446
honest,0.7158273381294964
honest,0.7230215827338129
honest,0.7464028776978417
honest,0.75
honest,0.7320143884892086
honest,0.7428057553956835
honest,0.7176258992805755
honest,0.7356115107913669
honest,0.7410071942446044
honest,0.7194244604316546
honest,0.7482014388489209
honest,0.724820143884892
honest,0.7212230215827338
honest,0.7338129496402878
honest,0.7392086330935252
honest,0.7446043165467626
honest,0.7284172661870504
honest,0.7320143884892086
honest,0.7266187050359713
spoof,0.00299072265625
spoof,0.00103759765625
spoof,0.0032958984375
spoof,0.00341796875
spoof,0.00030517578125
spoof,0.011962890625
spoof,0.0008544921875
spoof,0.0023193359375
spoof,0.004638671875
spoof,0.01318359375
spoof,0.00042724609375
spoof,0.001373291015625
spoof,0.00927734375
spoof,0.00115966796875
spoof,0.001495361328125
spoof,0.0008544921875
spoof,0.0059814453125
spoof,0.004638671875
spoof,0.00274658203125
spoof,0.00927734375
spoof,0.002764423076923077
spoof,0.00042067307692307695
spoof,0.0016526442307692308
spoof,0.0033653846153846156
spoof,0.013221153846153846
spoof,0.0016526442307692308
spoof,0.0016826923076923078
spoof,0.0006610576923076923
spoof,0.0026442307692307694
spoof,0.0008263221153846154
spoof,0.005528846153846154
spoof,0.007572115384615385
spoof,0.006610576923076923
spoof,0.0016826923076923078
spoof,0.007572115384615385
spoof,0.005528846153846154
spoof,0.0013822115384615385
spoof,0.00042067307692307695
spoof,0.002764423076923077
spoof,0.005288461538461539
spoof,0.0028351814516129033
spoof,0.0010553175403225806
spoof,0.0012443296370967742
spoof,0.003087197580645161
spoof,0.0017641129032258064
spoof,0.0008820564516129032
spoof,0.004221270161290322
spoof,0.01310483870967742
spoof,0.0006300403225806451
spoof,0.003276209677419355
spoof,0.004977318548387097
spoof,0.01310483870967742
spoof,0.006174395161290322
spoof,0.002110635080645161
spoof,0.006174395161290322
spoof,0.0007717993951612903
spoof,0.003087197580645161
spoof,0.006174395161290322
spoof,0.0008820564516129032
spoof,0.005670362903225807
spoof,0.00244140625
spoof,0.0007171630859375
spoof,0.00244140625
spoof,0.01318359375
spoof,0.00830078125
spoof,0.003662109375
spoof,0.0057373046875
spoof,0.001251220703125
spoof,0.01318359375
spoof,0.0020751953125
spoof,0.001251220703125
spoof,0.00164794921875
spoof,0.0006103515625
spoof,0.00091552734375
spoof,0.0006103515625
spoof,0.006591796875
spoof,0.001434326171875
spoof,0.00177001953125
spoof,0.0035400390625
spoof,0.0032958984375
spoof,0.002900094696969697
spoof,0.0005918560606060606
spoof,0.0024266098484848485
spoof,0.00026633522727272725
spoof,0.0023674242424242425
spoof,0.0023674242424242425
spoof,0.0016571969696969697
spoof,0.002959280303030303
spoof,0.005918560606060606
spoof,0.006628787878787879
spoof,0.0001775568181818182
spoof,0.0014796401515151515
spoof,0.004853219696969697
spoof,0.009706439393939394
spoof,0.009706439393939394
spoof,0.005800189393939394
spoof,0.0023674242424242425
spoof,0.0012133049242424242
spoof,0.001065340909090909
spoof,0.0012133049242424242
spoof,0.0022858796296296295
spoof,0.0007957175925925925
spoof,0.0005787037037037037
spoof,0.002951388888888889
spoof,0.00636574074074074
spoof,0.0010706018518518519
spoof,0.0005787037037037037
spoof,0.009143518518518518
spoof,0.0011429398148148147
spoof,0.0023148148148148147
spoof,0.011805555555555555
spoof,0.0005353009259259259
spoof,0.002951388888888889
spoof,0.0042824074074074075
spoof,0.0007957175925925925
spoof,0.0011429398148148147
spoof,0.0016637731481481482
spoof,0.0005787037037037037
spoof,0.0033275462962962963
spoof,0.0014756944444444444
spoof,0.006719842657342657
spoof,0.00042340472027972025
spoof,0.0012975305944055945
spoof,0.0006555944055944056
spoof,0.0016799606643356643
spoof,0.0006692526223776224
spoof,0.0001638986013986014
spoof,0.0013385052447552448
spoof,0.0026770104895104895
spoof,0.004097465034965035
spoof,0.001201923076923077
spoof,0.0010243662587412587
spoof,0.001693618881118881
spoof,0.002403846153846154
spoof,0.00042340472027972025
spoof,0.0033599213286713285
spoof,0.0010243662587412587
spoof,0.0010243662587412587
spoof,0.006719842657342657
spoof,0.006719842657342657
spoof,0.0057692307692307696
spoof,0.00045072115384615387
spoof,0.004807692307692308
spoof,0.0014423076923076924
spoof,0.003545673076923077
spoof,0.0004807692307692308
spoof,0.011538461538461539
spoof,0.009615384615384616
spoof,0.002403846153846154
spoof,0.002403846153846154
spoof,0.003545673076923077
spoof,0.00045072115384615387
spoof,0.0017728365384615385
spoof,0.0008864182692307692
spoof,0.0009014423076923077
spoof,0.0033052884615384615
spoof,0.013221153846153846
spoof,0.0010817307692307693
spoof,0.0009014423076923077
spoof,0.013221153846153846
spoof,0.0016571969696969697
spoof,0.0009025804924242424
spoof,0.013257575757575758
spoof,0.001065340909090909
spoof,0.0006510416666666666
spoof,0.002130681818181818
spoof,0.013257575757575758
spoof,0.0009025804924242424
spoof,0.0003255208333333333
spoof,0.004261363636363636
spoof,0.006628787878787879
spoof,0.002160274621212121
spoof,0.0016571969696969697
spoof,0.004261363636363636
spoof,0.001982717803030303
spoof,0.006628787878787879
spoof,0.0016571969696969697
spoof,0.001065340909090909
spoof,0.0006954308712121212
spoof,0.00556344696969697
spoof,0.004383992805755395
spoof,0.002360611510791367
spoof,0.0014472796762589927
spoof,0.0010959982014388488
spoof,0.001672099820143885
spoof,0.0021919964028776977
spoof,0.0002669739208633094
spoof,0.0010959982014388488
spoof,0.0010959982014388488
spoof,0.0040467625899280575
spoof,0.00876798561151079
spoof,0.0010116906474820144
spoof,0.00668839928057554
spoof,0.0005339478417266187
spoof,0.01337679856115108
spoof,0.005789118705035971
spoof,0.0005339478417266187
spoof,0.0014472796762589927
spoof,0.0005058453237410072
spoof,0.0021919964028776977
masked_spoof,0.5464995094031446
masked_spoof,0.4039199377388573
masked_spoof,0.4466434348133569
masked_spoof,0.47991174625945804
masked_spoof,0.4936626436783661
masked_spoof,0.5446352603690391
masked_spoof,0.43164155775601487
masked_spoof,0.4385901691202267
masked_spoof,0.5082031604193857
masked_spoof,0.5063493666117024
masked_spoof,0.5309851558544666
masked_spoof,0.419398457498892
masked_spoof,0.4259633732877929
masked_spoof,0.5247113766064114
masked_spoof,0.5217977423826197
masked_spoof,0.5098882588980053
masked_spoof,0.550940492776013
masked_spoof,0.4344385276835509
masked_spoof,0.5104581416597593
masked_spoof,0.562119010774597
masked_spoof,0.47183645682569797
masked_spoof,0.5522032204403097
masked_spoof,0.418691689515715
masked_spoof,0.4840408235701381
masked_spoof,0.4840093319642274
masked_spoof,0.4695623629667109
masked_spoof,0.5139012978949504
masked_spoof,0.5063086135879529
masked_spoof,0.44420816353138703
masked_spoof,0.495070024701092
